date,time,parkingAreaId,plateNumber,country,confidence,angle,image,status
2025-06-09,16-31-06,68463ea062d56405aaef9ffc,RBF231,AUS,85,194,2025-06-09_16-31-06_RBF231.jpg,APPROACHING
2025-06-09,16-31-06,68463ea062d56405aaef9ffc,REU094,AUS,85,10,2025-06-09_16-31-06_REU094.jpg,APPROACHING
2025-06-09,16-31-06,68463ea062d56405aaef9ffc,DCN595,AUS,93,208,2025-06-09_16-31-06_DCN595.jpg,APPROACHING
2025-06-09,16-31-06,68463ea062d56405aaef9ffc,KII749,AUS,100,183,2025-06-09_16-31-06_KII749.jpg,APPROACHING
2025-06-09,16-31-06,68463ea062d56405aaef9ffc,YKB469,AUS,100,76,2025-06-09_16-31-06_YKB469.jpg,APPROACHING
2025-06-09,16-31-06,68463ea062d56405aaef9ffc,ERO815,AUS,84,354,2025-06-09_16-31-06_ERO815.jpg,APPROACHING
