date,time,parkingAreaId,plateNumber,country,confidence,angle,image,status
2025-06-09,16-31-06,68463ea062d56405aaef9ffa,VDZ922,AUS,100,228,2025-06-09_16-31-06_VDZ922.jpg,APPROACHING
2025-06-09,16-31-06,68463ea062d56405aaef9ffa,FJR667,AUS,92,226,2025-06-09_16-31-06_FJR667.jpg,APPROACHING
2025-06-09,16-31-06,68463ea062d56405aaef9ffa,KXH357,AUS,93,198,2025-06-09_16-31-06_KXH357.jpg,LEAVING
2025-06-09,16-31-06,68463ea062d56405aaef9ffa,CKI351,AUS,92,276,2025-06-09_16-31-06_CKI351.jpg,APPROACHING
2025-06-09,16-31-06,68463ea062d56405aaef9ffa,WQD578,AUS,80,165,2025-06-09_16-31-06_WQD578.jpg,APPROACHING
2025-06-09,16-31-06,68463ea062d56405aaef9ffa,KPR746,AUS,84,298,2025-06-09_16-31-06_KPR746.jpg,APPROACHING
2025-06-09,16-31-06,68463ea062d56405aaef9ffa,QVH885,AUS,80,241,2025-06-09_16-31-06_QVH885.jpg,APPROACHING
