date,time,parkingAreaId,plateNumber,country,confidence,angle,image,status
2025-06-09,16-31-06,68463ea062d56405aaef9ffb,JIC661,AUS,84,77,2025-06-09_16-31-06_JIC661.jpg,APPROACHING
2025-06-09,16-31-06,68463ea062d56405aaef9ffb,WQX938,AUS,88,189,2025-06-09_16-31-06_WQX938.jpg,APPROACHING
2025-06-09,16-31-06,68463ea062d56405aaef9ffb,EBE291,AUS,80,73,2025-06-09_16-31-06_EBE291.jpg,APPROACHING
2025-06-09,16-31-06,68463ea062d56405aaef9ffb,DFI647,AUS,91,59,2025-06-09_16-31-06_DFI647.jpg,APPROACHING
2025-06-09,16-31-06,68463ea062d56405aaef9ffb,LEF861,AUS,98,58,2025-06-09_16-31-06_LEF861.jpg,APPROACHING
