date,time,parkingAreaId,plateNumber,country,confidence,angle,image,status
2025-06-09,16-31-06,68463ea062d56405aaef9ff9,YJI791,AUS,99,260,2025-06-09_16-31-06_YJI791.jpg,APPROACHING
2025-06-09,16-31-06,68463ea062d56405aaef9ff9,KBC729,AUS,86,242,2025-06-09_16-31-06_KBC729.jpg,APPROACHING
2025-06-09,16-31-06,68463ea062d56405aaef9ff9,NQU013,AUS,94,223,2025-06-09_16-31-06_NQU013.jpg,APPROACHING
2025-06-09,16-31-06,68463ea062d56405aaef9ff9,FFR450,AUS,99,348,2025-06-09_16-31-06_FFR450.jpg,LEAVING
2025-06-09,16-31-06,68463ea062d56405aaef9ff9,VXS788,AUS,97,19,2025-06-09_16-31-06_VXS788.jpg,APPROACHING
