date,time,parkingAreaId,plateNumber,country,confidence,angle,image,status
2025-06-09,16-31-06,68463ea062d56405aaef9ff8,MGY898,AUS,86,47,2025-06-09_16-31-06_MGY898.jpg,APPROACHING
2025-06-09,16-31-06,68463ea062d56405aaef9ff8,HBQ108,AUS,81,36,2025-06-09_16-31-06_HBQ108.jpg,APPROACHING
2025-06-09,16-31-06,68463ea062d56405aaef9ff8,RZQ666,AUS,87,272,2025-06-09_16-31-06_RZQ666.jpg,APPROACHING
2025-06-09,16-31-06,68463ea062d56405aaef9ff8,VVZ244,AUS,92,122,2025-06-09_16-31-06_VVZ244.jpg,APPROACHING
2025-06-09,16-31-07,68463ea062d56405aaef9ff8,AOL046,AUS,98,25,2025-06-09_16-31-07_AOL046.jpg,APPROACHING
